Name,SymbolID,lon,lat,phone,web,signature_species,rare_species,gazetteer,seasonality,parking,food_lodging,fee,description
1. Barkhausen Wildlife Preserve & Fort Howard Paper Foundation Wildlife Area,0,-88.036366,44.59829,920/448-4466,www.co.brown.wi.us/parks,"Sandhill Crane, waterfowl, shorebirds, and Wilson’s Snipe.","Cerulean Warbler, Snowy Egret, and Saw-whet Owl.","Page 67, C-D8.","Open all year; Interp. Center open Mon-Fri 9am-4pm, Sat & Sun noon-4pm.",Parking lot.,In Suamico.,,"This beautiful, 925-acre county park combines two properties with ponds, marsh, field, forest, nine miles of walking trails, and a waterfowl drive. The Barkhausen Wildlife Preserve features a visitor’s center with naturalist programs, a native plant nursery, and a waterfowl management demonstration area. The Fort Howard tract is a great place to see warblers, flycatchers and other forest species. The lowland forest areas are places where Wood Ducks, Northern Waterthrush, Barred Owl and Pileated Woodpeckers nest. More than 200 species of birds have been recorded here, many during spring and fall migrations. <br><br>"
2. Bay Beach Wildlife Sanctuary,0,-87.978001,44.529128,920/391-3675,www.baybeachwildlife.com,Black Duck and White-eyed Vireo.,Summer Tanager and Ross’s Goose.,"Page 68, D1.",Open all year.,Parking lot.,In Green Bay.,,"This 700-acre urban wildlife sanctuary established in 1925 is one of the best places to bird watch in Wisconsin. It features diverse forest, field, marsh, and open water habitats. Bridges, boardwalks, a tower and seven miles of nature trails provide year-round access to the property and it’s wildlife. Feeders and ponds attract birds in all seasons. The nature center offers bird/wildlife exhibits both inside and out as well as interactive feeding stations. Professional naturalists and volunteers conduct tours, walks, and nature programming. With 250 species sighted on the property, and more than 70 nesting species, Bay Beach is a destination on any bird watching trip to Green Bay. Buildings, boardwalks, a floating boardwalk, pier bridges and some trails are accessible. <br><br>"
3. Bay Shore County Park,0,-87.806168,44.63336,920/448-4466,www.co.brown.wi.us/parks,"Ducks, flycatchers, shorebirds, and woodpeckers.","Caspian Tern, Red Knot, and Scarlet Tanager. Gazetteer: Page 68, C2.","Page 68, C2.",Open all year.,Parking lot.,In Green Bay.,,"Situated along the bluffs of the Niagara Escarpment, this 86-acre park has beautiful views of Lake Michigan. The mixed forest along the escarpment attracts migrating songbirds, while the shoreline attracts shorebirds and waterfowl. Park facilities include a breakwater, boat ramp and dock, picnic areas, campground and hiking trails. If you’ve brought the kids, there’s a terrific nautically themed playground complete withn a huge wooden ship. <br><br>"
4. Cofrin Arboretum - UW Green Bay,0,-87.929163,44.529617,920/465-2000,www.uwgb.edu,"American Woodcock, waterfowl, and songbirds.",Red Knot and Redheaded Woodpecker.,"Page 68, D1",Open all year,Parking lots,In Green Bay.,,"This 270-acre arboretum surrounds the campus and is a very important wildlife corridor on the lake. Because of its habitat diversity, it serves as an oasis for many species of birds and wildlife. Established to restore and preserve natural areas, it is a great place to see native wildlife in native habitat. Six miles of hiking trails take you to all parts of the property. <br><br>"
5. Lily Lake County Park,0,-87.85655,44.42906,920/448-4466,www.co.brown.wi.us/parks,"Common Loon, Sandhill Crane, Water Pipit, and Willow Flycatcher.","Willet, Marbeled Godwit, Ruff, and Gry Falcon.",Page 56 A1-2.,Open all year.,Parking lot.,In Green Bay.,,"At 150-acres, Lily Lake Park is small but beautiful. The 40-acre lake is a favorite fishing destination for electric motor boats only, making for a quiet birding spot. The park offers a sheltered picnic area and an accessible fishing pier. The forest has showy wildflower displays in the spring. There’s also a nice tamarack bog and rolling hills to explore. Look in flooded fields around the park in spring for migrating shorebirds. <br><br>"
6. Reforestation Camp,0,-88.085542,44.661404,920/434-7841,www.co.brown.wi.us/parks,"Pileated Woodpecker, Common Raven, and Red-shouldered Hawk.",Blue-winged Warbler and Black-backed Woodpecker.,"Page 67, C8.",Open all year.,Parking lot.,In Green Bay.,Charge for ski trails & zoo admission.,"This 1,560-acre reserve is a great place to see warblers, tanagers, nuthatches and cuckoos. It is the best place in the county to see northern species like the Common Raven and Winter Wren. An extensive trail system takes you to all corners of the property. The lowland forest at the south end of the reserve contrasts with the pine plantations and mixed hardwood forests of the northern part of the property. Picnicking and fishing around the Camp’s many small ponds are popular summer activities. The Camp’s trails are also a magnet for X-C skiers in winter. The N.E.W. Zoo is a 43-acre zoological park with animals from around the world. <br><br>"
8. Ellison Bluff County Park & State Natural Area,0,-87.09727,45.244271,920/743-4456,www.doorcounty.com,Wood Thrush and Scarlet Tanager.,"Yellow-throated Vireo, and Pileated Woodpecker.","Page 81, BC8.",Open all year.,Parking lot.,In Ellison Bay.,,"This 174-acre park offers one of the most beautiful blufftop views in the county. A wooden observation deck and walkway provides a safe but spectacular bird’s eye view of the lake from atop the 100-foot limestone bluffs and is an excellent place to view spectacular sunsets. An enclosed catwalk extends out over the bluff where you can observe Rough-winged Swallows hunting for insects. Also, watch for American Redstarts, Great-crested Flycatchers and Broad-winged Hawks. <br><br>"
9. Jackson Harbor Town Park & State Natural Area,0,-86.854949,45.399746,920/847-2522,www.washingtonisland.com or www.wisferry.com,"Ovenbird,","Merlin, Common Merganser, and Common Goldeneye.","Page 81, A7.",Open all year – weather dependent ferry from mainland.,,,,"Washington Island off the tip of Door County’s thumb has fewer than 700 fulltime residents and is about 22- square miles in size. The slow paced lifestyle on the island lends itself easily to bird watching. On arrival, pick up a free copy of A Guide to the Birds of Washington Island. Of the many island parks, the 75-acre Jackson Harbor Town Park is a good place to begin your birding adventure. It’s a nice mix of low sandy beach and dunes that grades to low ridges and swales, and then to conifer and mixed hardwood forest. This combination of habitat harbors a nice diversity of birds. <br><br>"
10. Newport State Park,0,-86.999016,45.235371,920/854-2500,dnr.wi.gov/org/land/parks,"Blackthroated Green Warbler, American Redstart, and Ovenbird.",Black-throated Blue Warbler and Great Blackbacked Gull.,"Page 81, B8.",Open all year.,Provided.,,State Park fees apply.,"This 2,373-acre state park is Wisconsin’s only designated wilderness park. The park’s evergreen and hardwood forests, meadows and wetlands are framed on one side by 11 miles of Lake Michigan shoreline. With just 16 backpack campsites, 38 miles of trails for hiking, and 16 miles of biking trails, Newport is a welcome respite from the bustle of Door County. Backpack camping is also available in winter, as are 26 miles of cross-county ski trails. The park has an excellent nature center and interpretive programs to foster birding and wildlife viewing. <br><br>"
11. Potawatomi State Park,0,-87.42748,44.851621,920/746-2890,dnr.wi.gov/org/land/parks,"Bald Eagle, Osprey, Scarlet Tanager, and Common Goldeneye.",,"Page 69, B6.",Open all year.,Provided.,In Sturgeon Bay.,State Park fees apply.,"Straddling the shoreline bluffs along the bay, Potawatomi State Park offers two miles of Lake Michigan shoreline dotted with granite boulders. The rocky bluffs and shorelines and deep, lush forests provide habitat for numerous species of native flora and fauna. Bird watchers and nature enthusiasts will find 9 miles of hiking trails that access this 1,225-acre property. Bicycles can be rented from the park, or bring your kayak for an enjoyable day on the waters of Lake Michigan. A 75-foot observation tower delivers spectacular views – all the way to Chambers Island, some 20 miles to the northeast. People with disabilities can rent a cabin in the park. There are 123 family campsites as well. <br><br>"
12. The Ridges Sanctuary & State Natural Area,0,-87.119366,45.074319,920/839-2802,www.ridgesanctuary.org,"Whitethroated Sparrow, Pine Warbler, American Redstart, Ovenbird and Northern Waterthrush.","Canada Warbler, Golden-crowned Kinglet, and Northern Parula Warbler.","Page 81, D7.",Open all year.,Provided,In Baileys Harbor,"$3 adults, children free.","The Ridges Sanctuary is a pristine natural area of exceptional quality. Founded in 1937, it’s the oldest nature preserve in Wisconsin. This 1,440-acre property provides a glimpse of what much of Door County looked like prior to European settlement. Five miles of hiking trails take you over rustic bridges through some of the 30 sandy ridges formed by wind and Lake Michigan wave action over the past 1,400 years. Wet swales and boreal forest draw songbirds to the area. Unusual plants, including 25 species of orchids and the rare dwarf lake iris, are found on the property. Buy a new field guide at the nature store or join a staff naturalist on a tour of this beautiful property. <br><br>"
13. Peninsula State Park & Webrong Point,0,-87.23857,45.130039,920/868-3258,dnr.wi.gov/org/land/parks,"Warblers, Sora Rail, Swamp Sparrow, and Pileated Woodpecker.",,"Page 81, C6.",Open all year.,Provided.,In Fish Creek & Ephraim.,State Park fees apply.,"Weborg Point and Peninsula Park Beech Forest SNA are two exceptional sites within the 3,776-acre boundary of Peninsula State Park. Weborg Point is a mixture of sedge meadow, conifer forest and open water facing Strawberry Channel. It provides habitat for all types of water birds including herons and egrets, gulls, shorebirds, and Marsh Wrens. The Beech Forest SNA straddles the Niagara escarpment. Dry forest dominates the edge of the escarpment, while mesic forest of American beech, sugar maple and hemlock are found on the uplands overlooking Green Bay. Peninsula State Park also contains 9 miles of bike trails, 20 miles of hiking trails, 472 campsites, an observation tower, summer theater, an 18-hole golf course, and historic Eagle Buff Lighthouse. <br><br>"
14. Whitefish Dunes State Park,0,-87.181098,44.929174,920/823-2400,dnr.wi.gov/org/land/parks,Common Goldeneye and Bufflehead Duck.,"Snowy Owl, Bonaparte’s Gull, and Caspian Tern.","Page 69, A7.",Open all year.,Parking lots.,In Jacksonport & Valmy.,State Park fees apply.,"This 865-acre day-use state park preserves the largest and most significant Great Lakes dunescape in Wisconsin. The lakeshore is spectacular here; a boardwalk takes you through the active and stabilized dunes. The park also offers a nature center, three archaeological sites and interpretive programs for the public. To the north, Cave Point County Park features picturesque limestone sea caves. Diverse habitats and a Great Lakes locale make birding on these properties ideal. You can find waterfowl of all kinds, Rough-winged Swallows, and Blue-gray Gnatcatchers. <br><br>"
15. Bong State Recreation Area,0,-88.149245,42.636942,262/878-5600,dnr.wi.gov/org/land/parks,"Bobolink, Greater Yellowleg, Eastern Bluebird, and Sandhill Crane.",Upland Sandpiper and Black Tern.,"Page 31, C4.",Open all year.,Parking lots.,In Sturtevant & Burlington.,State Park fees apply.,"A large area of flat grasslands is the dominant feature of this property. The 4,515-acre park also contains ponds, a lake, marshes, woodlands, prairie and old fields. In the spring, migrating waterfowl include Tundra Swans and White Pelicans. Bald Eagles migrate through the property along with many species of hawks. In the summer, Savanna, Henslow’s and Grasshopper Sparrows nest here along with terns, Yellow-headed Blackbirds, rails and herons. The fall migration brings many avian species. In the winter, it’s a great place for Short-eared and Snowy Owls, Snow Buntings and Northern Harriers. There’s a visitor center, gift shop and a viewing platform for birders. <br><br>"
16. Bristol Woods County Park,0,-88.008079,42.531425,262/857-8008,www.co.kenosha.wi.us,"Indigo Bunting, Song Sparrow, and Blue Jay.",Field Sparrow and Bobolink.,"Page 31, D5.",Open all year.,Parking lot.,In Bristol.,,"Bristol Woods County Park is a natural area park with woods and hiking trails. It is also the home of the Pringle Nature Center that offers wildlife exhibits, monthly bird walks, and some nature programming. The Hoy Audubon Society of Racine operates the center in conjunction with the county. The park is a good place for a picnic and a few hours of good birding. While enjoying the woods, you might find Downy and Hairy Woodpeckers, White-breasted Nuthatches, and Brown Creepers. <br><br>"
17. Chiwaukee Prairie State Natural Area,0,-87.811403,42.504558,262/884-2300,dnr.wi.gov/org/land/er/sna,"Eastern Meadowlark, Bobolink, and American Woodcock.",Upland Sandpiper and King Rail.,"Page 31, D7.",Open all year.,Parking lots.,In Kenosha.,,"The 482-acre Chiwaukee Prairie is one of the largest prairies in the state and the most intact coastal wetland in southeastern Wisconsin. More than 400 species of plants thrive on this Lake Michigan coastal property, making it one of the most diverse properties in the State Natural Areas program. Rare animals are found here including Blanding’s turtle and Franklin’s ground squirrel. More than 75 species of grassland and wetland birds have been observed on the property, including Red-headed Woodpecker, Blue-gray Gnatcatchers, and orioles. <br><br>"
18. New Munster State Wildlife Area,0,-88.225608,42.555246,262/884-2300,dnr.wi.gov/org/land/wildlife,"Grasshopper Sparrow, Bobolink, and Great Blue Heron.",Upland Sandpiper and Northern Harrier.,"Page 30, D4.",Open all year.,Parking lot.,"Lake Geneva, Bristol or Paddock Lake.",,"Nearly 2,000 acres of mixed habitat makes this property a great place to explore for wildlife. Marshes, bogs, creeks, ponds and a flowage draw a wide variety of waterfowl during spring and fall migrations. In the fall and winter, Great Horned, Long-eared and Short-eared Owls are found here. The forests and conifer plantings are great places to find winter finches, Goldencrowned Kinglets, Brown Creepers, and nuthatches. Also found during migrations are warblers, wrens, sparrows and Yellow-breasted Chats. You can enjoy watching coyotes and deer at dusk. <br><br>"
19. Petrifying Springs County Park & Hawthorne Hollow Arboretum,0,-87.876165,42.65093,262/857-1869,www.co.kenosha.wi.us,Saw-whet Owl and Screech Owl.,"Northern Mockingbird, Summer Tanager, and Worm-eating Warbler.","Page 31, C7.",Open all year.,Parking lot.,In Kenosha.,,"These properties are best for birds during the spring and fall migrations when the large trees provide perfect habitat for migrants. Pikes Creek meanders through the properties. The mix of field, conifer plantings and hardwoods is a great draw to warblers, vireos, sparrows and hawks. In the winter, Roughlegged Hawks, Cooper’s and Sharp-shinned Hawks, and Snowy Owls can be seen on the property. The woods at Petrified Springs is a mix of older maple and basswood trees. It holds nesting thrushes and Pileated Woodpeckers. <br><br>"
20. Algoma Harbor,0,-87.432632,44.60929,920/487-5203,www.algoma.org,"Green and Blue-wing Teal, and Pied-billed Grebe.","Red-throated Loon, Scoters, and Bonaparte’s Gull.","Page 69, C5.",Open all year.,Parking lot.,In Algoma.,,"Algoma’s commercial and sportfishing fleets have long harbored in the mouth of the Ahnapee River. The boat traffic along the lakefront is picturesque, as is a stroll along the city’s breakwater. The red steel lighthouse on the north breakwater pier is a Great Lakes icon. The harbor area is usually a clatter of gulls, particularly when the fishing tugs return with a catch of whitefish or chubs. Grebes and teal can also be seen on the wing above the harbor. Walk the sandy beaches south of town for more avian adventures. <br><br>"
21. Besadny Anadromous Fish Facility,0,-87.55477,44.456942,414/388-1025,dnr.wi.gov/org/water,"Steelhead and brown trout, Coho and Chinook salmon.",,"Page 56, A4.","Site open daily, dawn to dusk. March - December, public viewing window at all times.",,In Kewaunee.,,"Although this DNR facility concentrates on fish, not birds, it is a fascinating watchable wildlife opportunity. From the facility’s accessible deck and paved walkway, visitors can watch as trout and salmon swimming up the Kewaunee River to spawn are diverted by a barrier and fish ladder into large holding ponds. An underwater window frames this watery spectacle. Rainbow trout spawning runs are best April through August. Brown trout run in late September through November, and salmon runs are best from October through November. During peak runs, hundreds of large fish splash and jump as they fight their way up the ladder. Fish spawning (egg-taking) plays a vital role in maintaining the Great Lakes sport fishery for coho and Chinook salmon, steelhead and brown trout. Because the streams get too warm for the young trout or salmon to survive, the DNR spawns the adults, hatches the eggs, and rears them at state fish hatcheries. <br><br>"
22. Bruemmer County Park,0,-87.551037,44.461081,920/338-7133,www.kewauneeco.org,"Green Heron, Belted Kingfisher, and Eastern Kingbird.","Warbling Vireo, Bohemian Waxwing, and Northern Shrike.","Page 56, A4.",Open all year.,Parking lot.,In Kewaunee.,,"This county park is home to Winter Wrens and Pileated Woodpeckers. It is a mix of habitat including grasslands, scrub forest, and hardwood forest. The Kewaunee River meanders within the park, providing habitat for many species of river-loving birds. A trail system accesses the park’s varied terrain. The park is a peaceful refuge that can produce a large number of avian species, especially during spring and fall migrations. A drive along the western side of the property leads to the Buzz Besadny Anadromous Fish Facility. Hiking trails can be found near the hatchery parking lot to access the Kewaunee River. <br><br>"
23. C.D. Buzz Besadny State Wildlife Area,0,-87.527905,44.479973,920/683-4926,dnr.wi.gov/org/land/wildlife,"Vesper and Field Sparrow, Alder Flycatcher, and Black-billed Cuckoo.","Varied Thrush, Townsend’s Solitaire, and Bohemian Waxwing.","Page 56, A4.",Open year-round.,Provided.,In Kewaunee.,,"This 2,276-acre wildlife area is easy to find and use. Numerous upland and lowland shrub and old-field species of birds can be found here. Emergent marsh areas in the lower reaches of the Kewaunee River are good for waterfowl, bitterns, and herons. A mixed forest known as Lipsky’s Swamp holds a variety of more northern species such as Winter Wren, White-throated Sparrow, and Nashville and Mourning warblers. Little Scarboro Creek on the northern end of the property has shrubby areas and old-field grasslands that attract Alder Flycatchers and Claycolored Sparrows. It is especially rich during spring and fall migrations, but is a great place to visit in the winter when the birding can be very rewarding. <br><br>"
24. Kewaunee Harbor & Marsh Walk,0,-87.499237,44.458535,920/388-5000,www.cityofkewaunee.org,American Woodcock and Common Snipe.,"Great and Lesser Black-backed, Glaucous, Iceland and Thayer’s gulls.","Page 56, A4.",Open all year.,Parking lot.,In Kewaunee.,,"This compelling walkway combines a beautiful Lake Michigan harbor, the Kewaunee River, wetlands and river marshes. This spot is one of the county’s best birding sites, but is often overlooked. The harbor is especially avianrich during the fall, winter and spring when the migration is in play, and where there is open water in the winter. The walkway covers 2,430 feet, of which 980 feet are a wooden boardwalk that takes you through the heart of the Kewaunee River Marsh. There is a wooden deck with benches where you can relax and enjoy this beautiful site. <br><br>"
25. Cherney Maribel Caves County Park,0,-87.76946,44.284455,920/683-4185,www.manitowoccounty.com,"Songbirds, wildflowers and ferns.","Winter Wren, Eastern Phoebe, Pileated Woodpecker, and walking fern.","Page 56, B2.",Open all year.,Parking lot.,"In Maribel, Denmark, Mishicot, and Manitowoc",,"This 75-acre park on the West Twin River has a rugged cliff line running parallel to the river. The bluffs contain caves and openings in the rock layers where interesting plants can be found. The remainder of the property consists of rolling hills, wooded uplands and lowlands. The park is known for its significant geological features that were formed by the glaciers. While exploring this park, keep an eye out for Rough-winged Swallows, Red-eyed and Warbling Vireos, and Rose-breasted Grosbeaks. <br><br>"
26. Collins Marsh State Wildlife Area,0,-87.956114,44.091099,920/772-4258,dnr.wi.gov/org/land/wildlife,Wetland species and raptors.,"Yellow-headed Blackbird, Black and Forester’s Terns, Osprey, and Bald Eagles.","Page 56, D1.",Open all year.,,"In Collins, Reedsville & Manitowoc.",,"Lying in the western part of the county, Collins Marsh is 4,214 acres of forest, cattail marsh and shrub-carr. These habitats combine to attract a wide variety of birds including Whimbrels, American Avocets, Tundra Swans, Veery, Wood Thrushs, and Prothonotary Warblers. Climb the viewing tower for a bird’s-eye view of this property, or rent a canoe (available from Collins Marsh) and explore on your own. <br><br>"
27. Fischer Creek Conservation Area,0,-87.719017,43.937415,920/683-4185,,"Waterfowl, songbirds, and hawks.",Red-throated loon and Long-tailed Duck.,"Page 47, A7.",Open all year.,Parking lot,In Cleveland & Manitowoc.,,"This 160-acre site is a new addition to the Manitowoc County Park System. The property lies on both sides of Fischer Creek and is a mix of habitats including old field, lowland forest and shrub-carr. The property runs parallel to Lake Michigan. In spring and fall, thousands of migrating waterfowl can be seen from the bluffs above the lake. There is a system of hiking trails that take you into the interior of the property where you can enjoy Scarlet Tanagers, Red-bellied Woodpeckers, and Broad-winged Hawks. <br><br>"
28. Point Beach State Forest,0,-87.510081,44.208755,920/794-7480,dnr.wi.gov/org/land/parks,"Songbirds, gulls, terns and waterfowl.","Pine and Hooded Warbler, and Acadian Flycatcher.","Page 56, C4.",Open all year.,Parking lot.,In Two Rivers.,State Park fees apply.,"Point Beach State Forest is 2,900 acres of upland and lowland mixed forest, sedge meadow, sand dunes and beach along Lake Michigan. There are ancient beach ridges and swales to explore on the forest’s six miles of trail. This working forest is teeming with birds that find shelter here from the brisk winds off the lake. Worm-eating Warblers, Yellow-breasted Chats, and Blackburnian Warblers hunt insects in the treetops, while great rafts of waterfowl drift along the lake. The Rawley Point lighthouse is the tallest (113-feet) octagonal skeletal light tower, and the only one of its kind on the Great Lakes. <br><br>"
29. Neshota Park,0,-87.55434,44.152652,920/683-4530,www.ci.two-rivers.wi.us,Waterfowl and shorebirds.,"Greater Blackbacked, Glaucous, Iceland, and Thayers Gulls.","Page 56, C4.",Open all year.,Parking lot.,In Two Rivers.,,"This harbor setting is a great place to look for unusual gulls, diving ducks and more. Using the Mariners and Rawley’s Point hiking and biking trails, you can travel to both Woodland Dunes Nature Center and Point Beach State Forest from here. Long-tailed ducks, mergansers, and several other duck species are common in the harbor. In winter, boat traffic keeps the harbor from freezing over providing sanctuary for many unusual species of gulls. <br><br>"
30. Woodland Dunes Nature Center & State Natural Area,0,-87.612019,44.144892,920/793-4007,www.woodlanddunes.com,"Songbirds, raptors, waterfowl, and shorebirds.","Osprey, Redshouldered Hawk, and Mourning Warbler.","Page 56, C4.",Open all year.,,In Two Rivers and Manitowoc.,,"Woodland Dunes is one of the premier birding areas in the county. Located between Manitowoc and Two Rivers, this 1,200-acre reserve offers boardwalks, observation areas and 6 miles of hiking trails to explore its woodlands, meadows and marshes. Common avian residents include ten species of sparrows, Ruffed Grouse, Acadian Flycatcher, and White-eyed Vireo. The State Natural Area highlights the ancient ridges and swales that are found near the lakeshore. Many ridges are timbered with aspen, white birch, beech and hemlock trees. The tremendous variety of plant species found here attract many species of birds, especially warblers and thrushes. <br><br>"
31. Bloch Oxbow State Natural Area,0,-87.705059,45.015666,715/582-5000,dnr.wi.gov/org/land/er/sna,"Bald Eagle, Great Blue Heron, Bank Swallow, and Red-shouldered Hawk.",Caspian and Forester’s Terns.,"Page 80, D2.",Accessible yeararound.,Provided.,In Peshtigo & Marinette.,,"This 614-acre State Natural Area (SNA) is one of the best examples of northern dry-mesic forest remaining in Wisconsin. Large red and white pines tower over a canopy of red oak and red maple. A floodplain forest of silver maple with green ash, elm, bitternut hickory, and cottonwood this far north is an unusual habitat. Old farm fields are being restored to native prairie. The Peshtigo River flows through the area attracting many species of waterfowl and wading birds. The woodlands support warblers, Scarlet Tanagers, Greatcrested Flycatchers, and Baltimore Orioles. <br><br>"
32. Dunbar Barrens State Natural Area,0,-88.25386,45.678121,715/856-9160,dnr.wi.gov/org/land/er/sna,Eastern Bluebird and Eastern Towhee.,Upland Sandpipers and Merlin.,"Page 91, C7.",Not accessible during winter and spring breakup.,Parking throughout property.,In Goodman & Dunbar.,,"Dunbar Barrens is a 1,330-acre pine barrens located on gently rolling glacial outwash. The area is predominantly open with scattered shrubs and trees, grasses and sedges. Logging, grazing and periodic fires have combined with frost pockets to maintain an open vista, quite uncommon in the wooded north. Because this area is so open and dominated by grasslands, it’s a great place to see Vesper, Field, and Clay-colored Sparrows, as well as Eastern Kingbirds, Bobolinks, Eastern Meadowlarks and Upland Sandpipers. As you hike the area, enjoy the exotic smell of blueberries and sweet ferns that grow everywhere. <br><br>"
33. Governor Thompson State Park,0,-88.22009,45.32576,715/757-3979,dnr.wi.gov/org/land/parks,"Bald Eagle, Scarlet Tanager, and Common Nighthawk.",Osprey.,"Page 79, B6.",Open all year.,Provided.,In Crivitz.,State Park fees apply.,"Opened in 2005, this extensively forested, 2,187-acre state park includes 2 small lakes and numerous trout streams and seeps. About 6.5 miles of Caldron Falls Flowage pristine shoreline are within the park. A mix of upland and wetland forest provides diverse habitat that host a variety of birds. A restored pine barrens – a plant community once common in Wisconsin but now rare – might provide you with a Northern Harrier for your birding check list. This property is an excellent place to see Broad-winged Hawks and Red-shouldered Hawks, as well as Ruffed Grouse, Red-headed Woodpeckers, and Yellowbellied Sapsuckers. <br><br>"
34. Peshtigo Harbor Unit - Green Bay West Shore State Wildlife Area,0,-87.702656,44.990177,715/582-5000,dnr.wi.gov/org/land/wildlife,"Waterfowl, terns, rails, bitterns, harriers and sparrows.","Red-shouldered Hawk, Osprey, Yellow Rail, Forester’s and Common Terns. Gazetteer: Page 68, A3.","Page 68, A3.",Open all year.,Provided.,In Peshtigo and Marinette.,,"Four miles of frontage on Green Bay draws large concentrations of migrating waterfowl and shorebirds to this State Wildlife Area. The Peshtigo River flows through bottomland forest with many oxbows. A braided river channel winds through coastal marshes at the mouth of the river. While much of the area is low-lying with a high water table, sand ridges are found throughout the property. Second-growth oak, aspen, red maple, and pine combine with large areas of black ash. Native and restored grass fields and extensive sedge meadows provide open habitats. Interpretive trails allow visitors to experience the area. Canoes and kayaks can be used. <br><br>"
35. Seagull Bar State Natural Area,0,-87.585795,45.075597,715/582-5000,dnr.wi.gov/org/land/er/sna,Shorebirds.,"Piping plover, White Pelican; and Caspian, Common and Forester’s Terns.","Page 80, D4.",All year but parts are closed during nesting season.,Provided,In Marinette.,,"Seagull Bar is a sand spit and marsh complex on Green Bay. The sand spit shelters a lagoon and large area of shallow water with emergent vegetation. This area is the only dune complex with a system of sand ridges and wetlands on Green Bay. The area is a prominent bird migration stopping point on Green Bay. During some spring and fall migrations, shorebirds by the thousands gather there to rest and feed. The lagoon is attractive to all species of waterfowl. <br><br>"
36. Discovery World at Pier Wisconsin,0,-87.898708,43.036159,414-765-9966,www.discoveryworld.org,"Waterfowl, gulls and shorebirds","American Avocet, Franklin’s and Lesser Black-backed Gulls","Page 39, D6",Open all year,,In Milwaukee,Fees apply.,"Opened in 2006, this impressive facility offers visitors spectacular views of the lake and 120,000 square feet of interactive exhibits, aquariums, andWisconsin’s flagship, the schooner S/V Denis Sullivan is docked just outside. There are theaters, a gift shop, and great food. Access this learning center by bicycle, boat, vehicle or via the Lakeside Promenade. Learn about the great lakes and their effects on the history and culture of the area. Listen to lectures on your favorite natural history topics or sign up for a summer sailing adventure on Lake Michigan and improve your bird list! <br><br>"
37. Havenwoods State Forest,0,-87.967309,43.129767,414/527-0232,dnr.wi.gov/org/land/parks,"Sedge Wren, Field Sparrow, and Common Yellowthroat.",Long-eared Owl and White-eyed Vireo.,"Page 39, C6.",Open all year;,Parking lots.,In Milwaukee.,,"The property was once farmed but now serves as an outdoor classroom and a place for the urban dweller to enjoy diverse property where wildlife thrives. Purchased in the early 1900s, it served a variety of uses, but in 1979, the DNR began restoration of the lands. Today, 6 miles of trails take you through grasslands, forests, and wetlands. An arboretum and Environmental Awareness Center serve the public with opportunities to learn more about forests and other habitats. Bobolinks, Sandhill Cranes, and Wild Turkeys are some of the birds that enjoy this piece of country in an urban setting. <br><br>"
38. Lakeshore State Park,0,-87.898708,43.036159,414-263-8570,dnr.wi.gov/org/land/parks,"Waterfowl, shorebirds, and gulls","Long-tailed Duck, Piping Plover, and Purple Sandpiper","Page 39, D6",Open all year,,Milwaukee,State Park fees apply.,"This new state park opened in the fall of 2006. It is a 17-acre island off the shoreline of Lake Michigan in the heart of Milwaukee. A bridge at each end of the island will provide visitors with easy access to the island, or one may dock their boat and visit the park. Good birding will be found here as you enjoy the wide variety of species that will cruise past the island. A visitor center will be added along with a river walk and harbor entrance with a lakeside multi-use trail and good fishing access to the lake. The park will connect the Hank Aaron State Trail, and the Oak Leaf Trail, a system of paved trails and parkways traversing about 100 miles through Milwaukee County. <br><br>"
39. Lake Park,0,-87.870455,43.067634,414/962-1680 or 414/275-6100,www.lakeparkfriends.org,4-season birding with a list of impressive species.,"Ross’s Goose, King Eider, Purple Sandpiper, Red Phalarope, Thayer’s Gull, Blacklegged Kittiwake, Snowy Owl, and Carolina Wren.","Page 39, D6.",Open all year.,Parking lots.,,,"Designed by landscape architect Frederick Law Olmstead, Lake Park is on the National Register of Historic Places. The last known remaining Indian mound in Milwaukee is found here. North Point Lighthouse (1888) is currently being restored. These county parks are a 400-acre mix of shoreline, ravines, woodlands and meadows that offer safe harbor to the many birds that use the Lake Michigan flyway. <br><br>"
39. Veteran's Park,0,-87.892213,43.045307,414/962-1680 or 414/275-6100,www.lakeparkfriends.org,4-season birding with a list of impressive species.,"Ross’s Goose, King Eider, Purple Sandpiper, Red Phalarope, Thayer’s Gull, Blacklegged Kittiwake, Snowy Owl, and Carolina Wren.","Page 39, D6.",Open all year.,Parking lots.,,,"Designed by landscape architect Frederick Law Olmstead, Lake Park is on the National Register of Historic Places. The last known remaining Indian mound in Milwaukee is found here. North Point Lighthouse (1888) is currently being restored. These county parks are a 400-acre mix of shoreline, ravines, woodlands and meadows that offer safe harbor to the many birds that use the Lake Michigan flyway. <br><br>"
39. Juneau Park,0,-87.889187,43.049431,414/962-1680 or 414/275-6100,www.lakeparkfriends.org,4-season birding with a list of impressive species.,"Ross’s Goose, King Eider, Purple Sandpiper, Red Phalarope, Thayer’s Gull, Blacklegged Kittiwake, Snowy Owl, and Carolina Wren.","Page 39, D6.",Open all year.,Parking lots.,,,"Designed by landscape architect Frederick Law Olmstead, Lake Park is on the National Register of Historic Places. The last known remaining Indian mound in Milwaukee is found here. North Point Lighthouse (1888) is currently being restored. These county parks are a 400-acre mix of shoreline, ravines, woodlands and meadows that offer safe harbor to the many birds that use the Lake Michigan flyway. <br><br>"
40. Schlitz Audubon Nature Center & Doctor's Park,0,-87.895082,43.176534,414/228-0314 or 414/257-6100,www.sanc.org,Large concentrations of ducks in winter; spring and fall migration route for warblers.,"Barrow’s Goldeneye, Red Phalarope, Purple Sandpiper, and Northern Mockingbird.","Page 39, 6C.",Open all year.,Parking lot.,In Brown Deer & Milwaukee.,"Free to National Audubon Members, non-member fee.","The Schlitz Audubon Nature Center is a privately funded, nonprofit nature preserve dedicated to environmental education and land stewardship. Doctor’s Park is the adjacent county-owned property. Together they offer 234 acres of land along Lake Michigan, and a bird species list of 252. Schlitz is the former “Nine Mile Farm.” Owned by the Uihlein family, it was nine miles from the Schlitz Brewery. The lake draws big numbers of waterfowl that you can see from the bluff-tops. The property offers an observation tower and 6 miles of hiking trails. Doctor’s Park has lakeshore, maple-beech woods, and bluffs that shelter Red-throated Loons, Caspian Terns and Long-tailed ducks. <br><br>"
41. South Shore Park,0,-87.880276,42.992954,414/257-6100,www.countyparks.com,"Waterfowl, gulls, songbirds, and Bank Swallow colony.","Worm-eating and Connecticut Warbler, Little Blue Heron, Whimbrel, and American Avocet.","Page 31, A7.",Open all year.,Parking lot.,In Milwaukee.,,"All these parks are located along the shore of Lake Michigan, offering excellent habitat for migrating birds. Steep banks along the lake concentrate migrants along the bluff tops. Grant Park’s pond, pines trees and open fields attract sparrows of all kinds and Longeared Owls. Sheridan Park has bluffs to explore and large colonies of Bank Swallows. Along Warnimont Park’s bike path and trails you might spot a Yellow-breasted Chat, Northern Mockingbird, Field Sparrow, and Bobolink. The Oak Creek Parkway’s quiet roads and beautiful trees attract many species of birds. <br><br>"
41. Sheridan Park,0,-87.850123,42.957358,414/257-6100,www.countyparks.com,"Waterfowl, gulls, songbirds, and Bank Swallow colony.","Worm-eating and Connecticut Warbler, Little Blue Heron, Whimbrel, and American Avocet.","Page 31, A7.",Open all year.,Parking lot.,In Milwaukee.,,"All these parks are located along the shore of Lake Michigan, offering excellent habitat for migrating birds. Steep banks along the lake concentrate migrants along the bluff tops. Grant Park’s pond, pines trees and open fields attract sparrows of all kinds and Longeared Owls. Sheridan Park has bluffs to explore and large colonies of Bank Swallows. Along Warnimont Park’s bike path and trails you might spot a Yellow-breasted Chat, Northern Mockingbird, Field Sparrow, and Bobolink. The Oak Creek Parkway’s quiet roads and beautiful trees attract many species of birds. <br><br>"
41. Warnimont Park,0,-87.846471,42.936464,414/257-6100,www.countyparks.com,"Waterfowl, gulls, songbirds, and Bank Swallow colony.","Worm-eating and Connecticut Warbler, Little Blue Heron, Whimbrel, and American Avocet.","Page 31, A7.",Open all year.,Parking lot.,In Milwaukee.,,"All these parks are located along the shore of Lake Michigan, offering excellent habitat for migrating birds. Steep banks along the lake concentrate migrants along the bluff tops. Grant Park’s pond, pines trees and open fields attract sparrows of all kinds and Longeared Owls. Sheridan Park has bluffs to explore and large colonies of Bank Swallows. Along Warnimont Park’s bike path and trails you might spot a Yellow-breasted Chat, Northern Mockingbird, Field Sparrow, and Bobolink. The Oak Creek Parkway’s quiet roads and beautiful trees attract many species of birds. <br><br>"
41. Grant Park,0,-87.84801,42.927551,414/257-6100,www.countyparks.com,"Waterfowl, gulls, songbirds, and Bank Swallow colony.","Worm-eating and Connecticut Warbler, Little Blue Heron, Whimbrel, and American Avocet.","Page 31, A7.",Open all year.,Parking lot.,In Milwaukee.,,"All these parks are located along the shore of Lake Michigan, offering excellent habitat for migrating birds. Steep banks along the lake concentrate migrants along the bluff tops. Grant Park’s pond, pines trees and open fields attract sparrows of all kinds and Longeared Owls. Sheridan Park has bluffs to explore and large colonies of Bank Swallows. Along Warnimont Park’s bike path and trails you might spot a Yellow-breasted Chat, Northern Mockingbird, Field Sparrow, and Bobolink. The Oak Creek Parkway’s quiet roads and beautiful trees attract many species of birds. <br><br>"
41. Oak Creek Parkway,0,-87.853847,42.913912,414/257-6100,www.countyparks.com,"Waterfowl, gulls, songbirds, and Bank Swallow colony.","Worm-eating and Connecticut Warbler, Little Blue Heron, Whimbrel, and American Avocet.","Page 31, A7.",Open all year.,Parking lot.,In Milwaukee.,,"All these parks are located along the shore of Lake Michigan, offering excellent habitat for migrating birds. Steep banks along the lake concentrate migrants along the bluff tops. Grant Park’s pond, pines trees and open fields attract sparrows of all kinds and Longeared Owls. Sheridan Park has bluffs to explore and large colonies of Bank Swallows. Along Warnimont Park’s bike path and trails you might spot a Yellow-breasted Chat, Northern Mockingbird, Field Sparrow, and Bobolink. The Oak Creek Parkway’s quiet roads and beautiful trees attract many species of birds. <br><br>"
42. Kletzsch Park,0,-87.929571,43.136073,"414/964-8505 (UEC), 414/257-6100 (Co. Parks)",www.UrbanEcologyCenter.org or www.countyparks.com (http://www.countyparks.com/),"Blackthroated Blue Warbler, Green Heron, and Spotted Sandpiper.","Tufted Titmouse, Harris’s Sparrow, and White-eyed Vireo.","Page 39, D6.",Open all year.,Parking lot.,,,"These properties are all located along the Milwaukee River. Riverside Park has beautiful open grown oak trees and an open understory. Estabrook and Kletzsch Parks offer woods, ponds and grasslands. The spring wildflowers are lovely, and there are many species of warblers, flycatchers and hawks. Trails access all areas of the parks; many follow the river where you can see Great Blue Herons and Belted Kingfishers. Orioles, Gray Catbirds, and thrushes also nest in these urban settings. <br><br>"
42. Estabrook Park,0,-87.905283,43.096242,"414/964-8505 (UEC), 414/257-6100 (Co. Parks)",www.UrbanEcologyCenter.org or www.countyparks.com (http://www.countyparks.com/),"Blackthroated Blue Warbler, Green Heron, and Spotted Sandpiper.","Tufted Titmouse, Harris’s Sparrow, and White-eyed Vireo.","Page 39, D6.",Open all year.,Parking lot.,,,"These properties are all located along the Milwaukee River. Riverside Park has beautiful open grown oak trees and an open understory. Estabrook and Kletzsch Parks offer woods, ponds and grasslands. The spring wildflowers are lovely, and there are many species of warblers, flycatchers and hawks. Trails access all areas of the parks; many follow the river where you can see Great Blue Herons and Belted Kingfishers. Orioles, Gray Catbirds, and thrushes also nest in these urban settings. <br><br>"
42. Riverside Park,0,-87.890303,43.067649,"414/964-8505 (UEC), 414/257-6100 (Co. Parks)",www.UrbanEcologyCenter.org or www.countyparks.com (http://www.countyparks.com/),"Blackthroated Blue Warbler, Green Heron, and Spotted Sandpiper.","Tufted Titmouse, Harris’s Sparrow, and White-eyed Vireo.","Page 39, D6.",Open all year.,Parking lot.,,,"These properties are all located along the Milwaukee River. Riverside Park has beautiful open grown oak trees and an open understory. Estabrook and Kletzsch Parks offer woods, ponds and grasslands. The spring wildflowers are lovely, and there are many species of warblers, flycatchers and hawks. Trails access all areas of the parks; many follow the river where you can see Great Blue Herons and Belted Kingfishers. Orioles, Gray Catbirds, and thrushes also nest in these urban settings. <br><br>"
42. Urban Ecology Center,0,-87.890893,43.067429,"414/964-8505 (UEC), 414/257-6100 (Co. Parks)",www.UrbanEcologyCenter.org or www.countyparks.com (http://www.countyparks.com/),"Blackthroated Blue Warbler, Green Heron, and Spotted Sandpiper.","Tufted Titmouse, Harris’s Sparrow, and White-eyed Vireo.","Page 39, D6.",Open all year.,Parking lot.,,,"These properties are all located along the Milwaukee River. Riverside Park has beautiful open grown oak trees and an open understory. Estabrook and Kletzsch Parks offer woods, ponds and grasslands. The spring wildflowers are lovely, and there are many species of warblers, flycatchers and hawks. Trails access all areas of the parks; many follow the river where you can see Great Blue Herons and Belted Kingfishers. Orioles, Gray Catbirds, and thrushes also nest in these urban settings. <br><br>"
43. Whitnall Park & Wehr Nature Center,0,-88.034649,42.930097,"414/425-7303 (Whitnall), 414/425-8550 (Wehr)",www.countyparks.com or www.friendsofwehr.org,Waterfowl and woodpeckers.,"White-fronted Goose, Western Grebe, Purple Gallinule, and Townsend’s Solitare.","Page 31, A6.",Open all year.,Parking lots.,,Some fees apply at Wehr.,"The largest park in Milwaukee County, Whitnall contains the 220-acre Wehr Nature Center as well as the Boerner Botanical Gardens. Diverse habitat and park amenities offer wonderful birding opportunities and outdoor fun. Trails traverse a glacial moraine covered by forests of maple, hickory and 150-yearold oak trees. Boardwalks, a viewing platform and a visitor center are popular places. There’s even a golf course. The Wehr Nature Center offers spring bird walks and an environmental program. In 2003, the Boerner Botanical Gardens opened a new education and visitor center to compliment their rose, herb and rock gardens. <br><br>"
44. Machickanee Unit - Oconto County Forest,0,-88.06572,44.855017,920/834-6827,www.ci.ocontofalls.wi.us/,"Redshouldered Hawk, Blackburnian Warbler, and Ruby-crown Kinglet.","Yellow-throated Warbler, Swainson’s Thrush, and Hooded Warbler.","Page 67, B8.",Open all year.,Parking lots.,In Oconto Falls.,,"The Machickanee Forest is a 3,100-acre unit of the Oconto County Forest. Located just east of Oconto, the forest is bisected by a 2,200-acre bulge in the Oconto River called the Machickanee Flowage. The forest is a site for birders and hikers, while the flowage is popular with anglers, particularly in winter. There are miles of hiking trails that access the property. Bring a canoe or kayak to see the herons, bitterns and numerous species of waterfowl along the river and flowage. In the forests, see Veerys, Red-breasted Nuthatches, Golden-winged Warblers, and Scarlet Tanagers. <br><br>"
45. Rush Point,0,-87.852859,44.917896,715/582-5000,dnr.wi.gov,"White Pelican, Common and Caspian Terns.","Snowy Owl, Longtailed Duck, Red-throated Loon, and Scoters.","Page 68, A2.",Open all year.,Parking lots.,In Oconto.,,"Together, these properties total more than 800 acres of wet marsh, flowage and cattail-sedge lowland marsh. At the Oconto Harbor, the Oconto River meets Lake Michigan. Walk or drive the 1,500 foot-long breakwater looking for interesting birds. Traveling further north to Oconto Marsh and Rush Point the habitat changes from shallow bay to wetlands. This area is rich in birdlife; waterfowl are abundant and include Redheads, Wood Ducks, and Ring-neck Ducks. Uncommon birds here include Acadian Flycatchers and Cerulean Warblers. <br><br>"
45. Oconto Marsh,0,-87.848396,44.901119,715/582-5000,dnr.wi.gov,"White Pelican, Common and Caspian Terns.","Snowy Owl, Longtailed Duck, Red-throated Loon, and Scoters.","Page 68, A2.",Open all year.,Parking lots.,In Oconto.,,"Together, these properties total more than 800 acres of wet marsh, flowage and cattail-sedge lowland marsh. At the Oconto Harbor, the Oconto River meets Lake Michigan. Walk or drive the 1,500 foot-long breakwater looking for interesting birds. Traveling further north to Oconto Marsh and Rush Point the habitat changes from shallow bay to wetlands. This area is rich in birdlife; waterfowl are abundant and include Redheads, Wood Ducks, and Ring-neck Ducks. Uncommon birds here include Acadian Flycatchers and Cerulean Warblers. <br><br>"
45. Oconto Harbor,0,-87.831316,44.894674,715/582-5000,dnr.wi.gov,"White Pelican, Common and Caspian Terns.","Snowy Owl, Longtailed Duck, Red-throated Loon, and Scoters.","Page 68, A2.",Open all year.,Parking lots.,In Oconto.,,"Together, these properties total more than 800 acres of wet marsh, flowage and cattail-sedge lowland marsh. At the Oconto Harbor, the Oconto River meets Lake Michigan. Walk or drive the 1,500 foot-long breakwater looking for interesting birds. Traveling further north to Oconto Marsh and Rush Point the habitat changes from shallow bay to wetlands. This area is rich in birdlife; waterfowl are abundant and include Redheads, Wood Ducks, and Ring-neck Ducks. Uncommon birds here include Acadian Flycatchers and Cerulean Warblers. <br><br>"
46. Pensaukee Unit - Green Bay West Shores State Wildlife Area,0,-87.913799,44.808391,715/582-5000,dnr.wi.gov/org/land/wildlife,"Common Merganser, Common Goldeneye, and American Bittern.","Snowy Egret, Yellow Rail, and Peregrine Falcon.","Page 68, B1.",Open all year.,Parking lot.,In Pensaukee & Oconto.,,"This 308-acre unit of the Green Bay West Shores State Wildlife Area is high quality Lake Michigan marshland. Road access takes you directly through the property north-to south. There are great views of the marsh with the lake beyond. Look for Sedge and Marsh Wrens, herons, bitterns and rails as you drive slowly through the marsh. This is a popular place to launch a canoe or kayak for a bird’s-eye-view of the wetland. The Pensaukee River flows from numerous springs and meets Lake Michigan just north of the property. <br><br>"
47. Peshtigo Brook State Wildlife Area,0,-88.284416,45.108181,715/582-5000,dnr.wi.gov/org/land/wildlife,"Ruffed Grouse, Barred Owl, and Common Nighthawk.","Merlin, Loggerhead Shrike and Warbling Vireo.","Page 79, D6.",Open all year.,Parking lots.,In Suring.,,"This 2,200-acre property supports a good population of grassland/shrub birds. The bulk of the area is lowland swamp and forested ridges. The Peshtigo Brook drains the 10,000-acre Brazeau Swamp and meanders through the eastern part of the property. There are hiking trails that access the western part of the property making it possible to explore the interior. Look for the White-eyed Vireo, Cedar Waxwing, Blackthroated Blue Warbler, and Brewer’s Blackbird. <br><br>"
48. Snow Falls Creek State Natural Area,0,-88.446782,45.275728,715/582-5000,dnr.wi.gov/org/land/er/sna,"Blackburnian Warbler, Least Flycatcher, and Redshouldered Hawk.","Merlin, Rubycrowned Kinglet, and Yellowthroated Warbler.","Page 79, B5.","Open year around, weather permitting.",Park at site.,In Lakewood.,,"Snow Falls Creek is a boulder-strewn trout stream originating in Sullivan Springs and Hickey Springs to the north, and joining the North Branch of the Oconto River south of this 350-acre State Natural Area. It is located within the Nicolet National Forest. The stream is bordered by white cedar, balsam fir and black ash, while tall white pines dominate the forest. Ravines and uplands west of the creek support hemlock, beech, sugar maple and basswood. This beautiful property holds warblers of all species, Wood and Hermit Thrushes, and Rose-breasted Grosbeaks. <br><br>"
49. Harrington Beach State Park,0,-87.803382,43.493986,262/285-3015,dnr.wi.gov/org/land/parks,"Clay-colored Sparrow, White-eyed vireo, and Yellow-breasted Chat.","Red-throated Loon, Surf Scoter, and Harlequin Duck.","Page 39, A7.",Open all year.,Parking lots.,In Lake Church & Belgium.,State Park fees apply.,"This 637-acre park has one mile of Lake Michigan frontage and boasts a bird list of 256 species, making it one of the best places to bird watch in the state. Spring and fall migrations bring spectacular concentrations of waterfowl offshore. In the spring, nearly every species of warbler adorns the trees in the hardwood forests and white cedar lowland swamp. In the fall, hawk migrations are spectacular as they move south along the safety of the shoreline. The open fields, shrub carr and wetlands are great places to explore. Hiking trails access the entire property. The park offers a visitor center, boardwalks, geocaching for those who come in search of adventure, or a refreshing swim in Quarry Lake. <br><br>"
50. Lion's Den Gorge Nature Preserve & Ulao Waterfowl Production Area,0,-87.886891,43.349587,262/284-8270,www.co.ozaukee.wi.us,"Fall hawk migration, loons, and Claycolored Sparrows.","Yellow-breasted Chat, LeConte’s Sparrow, and Canada Warbler.","Page 39, B6.",Open all year.,Parking lot.,In Port Washington & Grafton.,,"The Lion’s Den Gorge Nature Preserve is a high-quality, diverse, coastal ecosystem. The 79-acre county property lies along an undeveloped Lake Michigan shoreline. The northern part of the property holds a deep coastal ravine called the Lion’s Den Gorge. Dominated by white cedar and mixed hardwoods, it’s a place where one might find Northern Mockingbirds, Prothonotary Warblers and Orchard Orioles. Upland areas along the bluff are a mixture of grasslands, wet meadows, wetlands and bluff areas. The 100-foot bluff top provides majestic views of Lake Michigan and is a great vantage during spring and fall hawk migrations. The Ulao WPA is a 44-acre site to the north where you could find scoters, loons and most species of ducks. <br><br>"
52. Riveredge Nature Center,0,-88.020662,43.440071,800/287-8098,www.riveredge.us,"Songbirds, waterfowl, shorebirds and raptors.","Cerulean Warbler, Acadian Flycatcher, Winter Wren, and Northern Harrier.","Page 39, A5.",Open all year – center hours found on website.,Parking lots.,In Saukville & West Bend.,Non-member trail fees apply.,"This exceptional nature center straddles 1.5 miles of the Milwaukee River. More than 10 miles of hiking trails access a variety of woodlands, established prairies, meadows, and wetlands. Scarlet Tanager, Yellow-throated Vireo, Roughlegged Hawk and Saw-whet owls use the property. With a bird checklist of 186 species, 600 plant species, boardwalks, a viewing platform and beautiful visitor center, this property is a bird watcher’s paradise. Environmental education is a key mission along with land and water conservation. <br><br>"
53. Schwengel Waterfowl Production Area,0,-87.9035,43.527518,608/742-7100,www.fws.gov,"Short-eared and Snowy Owl, Bobolink, Dickcissel, Sedge and Marsh Wren.",Henslow’s parrow and Yellow-headed Blackbird.,"Page 47, D6.",Open all year.,Parking lot.,In Cedar Grove & Belgium.,,"This 284-acre property is the best grassland habitat in the county. The complex of 18 ponds and restored wetlands and grasslands draws in a wide variety of birds. The shallow marshes provide habitat for Virginia and Sora Rails, and are visited by Great Blue Herons. Northern Harriers cruise the grasslands in search of small mammals. Hiking, nature study and photography buffs will enjoy the area. In the winter bring your cross-county skis. <br><br>"
54. Honey Creek State Wildlife Area,0,-88.274117,42.71221,262/884-2300,dnr.wi.gov/org/land/wildlife,Ring-neck Pheasant and Sandhill Crane.,Great Egret and King Rail.,"Page 30, C3.",Open all year.,Parking lots.,In Burlington.,,"Honey Creek Wildlife Area’s 1,083 acres sit in three separate parcels in the Fox River watershed between Waterford and Burlington. It’s a great place to bring your canoe or kayak for an enjoyable day on Long Lake. Hiking trails take you to the heart of the properties that are a matrix of marsh, uplands, grassy field, forests and lowland brush. This mix of habitat provides opportunities to see flycatchers, terns, Great-blue Herons, American Bitterns, and Sandhill Cranes. <br><br>"
55. Racine Harbor Park & Lakefront,0,-87.776111,42.729978,262/681-9714,www.racineco.com,"Gulls, terns and shorebirds","Surf Scoter, Longtailed Duck, and King Eider","Page 31, C7",Open all year,Parking lots,In Racine.,,"This 16-acre lakefront park includes an overlook structure with an elevated deck that provides a great view of the water. The spring and fall migrations are the best times to bird here, but Snowy Owls have been seen in winter and large numbers of gulls and terns can be seen all summer. The woods along the southern lakefront hold Carolina Wrens and Red-shouldered Hawks. Traveling the roads north and south of this city park will take you to different habitats that attract a nice variety of birds. <br><br>"
56. Sanders Park Hardwoods State Natural Area,0,-87.844191,42.674611,920/892-8756,dnr..wi.gov/org/land/er/sna,Eastern Wood Pewee and Great-crested Flycatcher.,Red-headed Woodpecker and Mourning Warbler.,"Page 31,C7.",Open all year.,Parking lot.,In Racine.,,"This State Natural Area is located within Sanders County Park and is part of an ancient terrace of Lake Michigan. Hiking trails access the dry forest of basswood, white oak, black walnut and white ash. Blooming orchids and ferns follow the rich wildflower display in the spring. Rose-breasted Grosbeak, Wood Thrush, and Scarlet Tanager are found here along with a good variety of woodpeckers that hammer the dead elm trees in the low areas. <br><br>"
57. Tichigan State Wildlife Area,0,-88.242531,42.805225,262/884-2300,dnr.wi.gov/org/land/wildlife,"Waterfowl, American Woodcock, and Sandhill Crane.",Northern Mockingbird and Snowy Owl.,"Page 30, B4.",Open all year.,Parking lots.,In Waterford.,,"This 1,521-acre wildlife area is comprised of river, marsh, farmland and forest. It includes the northwestern shores of Tichigan Lake. Unusual wildlife includes Blanding’s turtles. Bird life includes Great Egrets, Least Bitterns, and terns. A large impounded area is flooded for wildlife in the fall, making it a great place to see Green and Bluewing Teal, Wood ducks and mergansers. In the spring, the drawdown of the water leaves exposed mudflats that are used by many species of shorebirds, including Wilson’s Phalaropes and White-rumped Sandpipers. <br><br>"
"58. Wint Point Lighthouse, Wind Point & Shoop Park",0,-87.758446,42.781102,262/681-9714,www.racineco.com,"Varied Thrush, Orchard Oriole, and Great-crested Flycatcher.","Red-necked Grebe, American Avocet, and Bell’s Vireo.","Page 31, B7",Open all year,Parking lot,In Racine.,,"This rocky point is north of the city just into Lake Michigan. It’s an excellent place to observe many unusual birds at virtually any time of the year. During storms, the Point’s ravines and wooded areas shelter warblers, sparrows, thrushes and many other songbirds. Red-throated Loons, Whimbrels and Greater Blackbacked, Sabine’s and Franklin’s Gulls feed along the lakeshore. You can also enjoy the view from the historic lighthouse, and be sure to drive the road around the park for interesting wildlife. <br><br>"
59. Evergreen Park,0,-87.749734,43.779894,920/459-3440,www.ci.sheboygan.wi.us,"Screech, Barred, and Great-horned Owls.","Hooded Warbler, Veery, and Yellow-bellied Woodpecker.","Page 47, B7.",Open all year.,Parking lot.,In Sheboygan.,,"Evergreen Park is one of three county parks in this area, making for a diverse combination of habitats that draw in many species of birds. It is located just east of Lake Michigan and attracts large numbers of songbirds during migration. The park contains mostly evergreens, but the Pigeon River cuts through the park offering grassy banks with some shrubbery that attracts flycatchers, White-crowned, Clay-colored and Harris sparrows, and wading birds. In the hardwood areas, look for warblers of all types. Evergreen is contiguous with Maywood Park, and Quarry Park is located across the street. <br><br>"
60. Kettle Moraine State Forest Northern Unit & Kettle Moraine Red Oaks State Natural Area,0,-88.092327,43.760432,920/892-8756 or 262/626-2116,dnr.wi.gov/org/land/parks,"Eastern Wood Pewee, and Ovenbird.","Acadian flycatcher, Red-shouldered Hawk, and Cerulean Warbler.","Page 47, B5.",Open all year.,Parking area.,In Greenbush.,,"This 316-acre SNA lies within the 29,000- acre Northern Unit of the Kettle Moraine State Forest. It is mature dry mesic forest of basswood, sugar maple, white ash, white oak and black cherry. Red oak dominates the canopy while the ground layer has many species of plants and shrubs, from orchids to ferns. This diversity is very attractive to rare birds such as the Acadian Flycatcher, Red-shouldered Hawk, and Cerulean Warbler. Owls, warblers, and Scarlet Tanagers are also found here. The State Forest is rolling, wooded hills dotted with lakes. It offers much to the nature lover, including nature programs. <br><br>"
61. Kohler-Andrae State Park,0,-87.718436,43.672618,920/451-4080,dnr.wi.gov/org/land/parks,"Vireos, waterfowl, and thrushes.",Surf Scoters and Willets.,"Page 47, C7.",Open all year.,Parking lots.,In Sheboygan.,State Park fees apply.,"This beautiful park with its 2.5 miles of sandy beach along Lake Michigan is a scenic gem. The Kohler Park Dunes State Natural Area preserves some of the best parts of the beach area. There, the dunes, both stabilized and active, are mixed with wetlands and dry-mesic white pine forest. The park has a nature center, and a cordwalk to access the sand dunes. Rushes and sedges along the dunes draw shorebirds like Whimbrels. In the woods, vireos, thrushes, finches, sparrows and warblers are seen. Look for hawks overhead and scan the lake for numerous species of waterfowl during spring and fall migrations. <br><br>"
62. Maywood - Ellwood H. May Environmental Park,0,-87.756815,43.779182,920459-3906,www.gomaywood.org,American Woodcock and Red-tailed Hawk.,Sharp-shinned Hawk and Hooded Warbler.,"Page 47, B7.",Open all year.,Parking lot.,In Sheboygan.,,"This park shares a common border with Evergreen Park. Habitats vary over the 120-acre site from restored prairie to old-field, hardwood forest, ponds, mixed woods and the Pigeon River. Well-marked trails provide access to all parts of the property. It has boardwalks and bridges, a visitor’s center, gift shop and a viewing platform. Public programs are offered year round. Spring and fall migrations of warblers are as good here as anywhere along the Lake Michigan coast. Look for interesting sparrows in the fields and listen forn American Woodcocks in the spring. <br><br>"
63. Sheboygan Marsh State Wildlife Area & Sheboygan County Park,0,-88.04615,43.839727,920/892-8756,dnr.wi.gov/org/land/wildlife,"Red-tailed Hawk, Sora Rail, and Yellowheaded Blackbird.","Broad-wing Hawk, Least Bittern, and American Egret.","Page 47, B5.",Open all year.,Parking lots.,In Elkhart Lake.,,"This mix of state and county land is a vast wetland and marsh complex of lowland hardwoods, swamp and deep marsh with stands of cedar and tamarack. You’ll want to rent a canoe or kayak at the park lodge and explore this property from the water. Part of the property is a closed refuge, offering sanctuary to birds and animals, and is strictly offlimits to visitors. From Sandhill Cranes and bitterns in the wetlands, to Upland Sandpipers in the uplands, the diversity of birds will inspire you to return in all seasons of the year. <br><br>"
64. North Point Park,0,-87.69712,43.763067,920/459-3440,www.city.sheboygan.wi.us,Shorebirds and gulls.,"King and Common Eider, Sabine’s Gull, and Purple Sandpiper.","Page 47, C7.",Open all year.,Parking lot.,In Sheboygan.,,"This city park is located north of the Sheboygan Yacht Club on a rocky peninsula that juts out into Lake Michigan. From the overlook, you can see an exceptional array of birds, especially during spring and fall migrations. Birds you may see include Horned and Eared Grebes, Long-tailed and Harlequin Ducks, eiders as well as Glaucous, Laughing and Little Gulls, and Black-bellied and American Golden Plovers. Snowy Owls are seen here in early winter along with Purple Sandpipers. <br><br>"
